QID8,QID9,QID10,QID11,QID12,QID13,QID14,QID15,QID16,QID17,QID18,Q312,QID19,QID20,QID21,QID22,QID23,QID24,QID25,QID26,QID27,QID28,QID29,QID30,QID31,QID32,QID33,QID34,QID35,QID36,QID37,QID38,QID39,QID40,QID41,QID42,QID43,QID44,QID45,QID46,QID47,QID48,QID49,QID50,QID51,QID52,QID53,QID54,QID55,QID56,QID57,QID58,QID59,QID60,QID61,QID62,QID63,QID64,QID65,QID66,QID67,QID68,QID69,QID70,QID71,QID72,QID73,QID74,QID75,QID76,QID77,QID78,QID79,QID80,QID81,QID82,QID83,QID84,Q313,QID85,QID86,QID87,QID88,QID89,QID90,QID91,QID92,QID93,QID94,QID95,QID96,QID97,QID98,QID99,QID101,QID101_9_TEXT,QID102,QID102_9_TEXT,QID103,QID103_9_TEXT,QID104,QID104_9_TEXT,QID105,QID105_9_TEXT,QID106,QID106_9_TEXT,QID107,QID107_9_TEXT,QID108,QID108_9_TEXT,QID109,QID109_9_TEXT,QID110,QID110_9_TEXT,QID111,QID111_9_TEXT,QID112,QID112_9_TEXT,QID113,QID113_9_TEXT,QID114,QID114_9_TEXT,QID115,QID115_9_TEXT,QID116,QID116_9_TEXT,QID117,QID117_9_TEXT,QID118,QID118_9_TEXT,QID119,QID119_9_TEXT,Q314,QID120,QID120_9_TEXT,QID121,QID121_9_TEXT,QID122,QID122_9_TEXT,QID123,QID123_9_TEXT,QID124,QID124_9_TEXT,QID125,QID125_9_TEXT,QID126,QID126_9_TEXT,QID127,QID127_9_TEXT,QID128,QID128_9_TEXT,QID129,QID129_9_TEXT,QID130,QID130_9_TEXT,QID131,QID131_9_TEXT,QID132,QID132_9_TEXT,QID133,QID133_9_TEXT,QID134,QID134_9_TEXT,QID135,QID135_9_TEXT,QID136,QID136_9_TEXT,QID137,QID137_9_TEXT,QID138,QID138_9_TEXT,QID139,QID139_9_TEXT,QID140,QID140_9_TEXT,QID141,QID141_9_TEXT,QID142,QID142_9_TEXT,QID143,QID143_9_TEXT,QID144,QID144_9_TEXT,QID145,QID145_9_TEXT,QID146,QID146_9_TEXT,QID147,QID147_9_TEXT,QID148,QID148_9_TEXT,QID149,QID149_9_TEXT,QID150,QID150_9_TEXT,QID151,QID151_9_TEXT,QID152,QID152_9_TEXT,QID153,QID153_9_TEXT,QID154,QID154_9_TEXT,QID155,QID155_9_TEXT,QID156,QID156_9_TEXT,QID157,QID157_9_TEXT,QID158,QID158_9_TEXT,QID159,QID159_9_TEXT,QID160,QID160_9_TEXT,QID161,QID161_9_TEXT,Q315,QID162,QID162_9_TEXT,QID163,QID163_9_TEXT,QID164,QID164_9_TEXT,QID165,QID165_9_TEXT,QID166,QID166_9_TEXT,QID167,QID167_9_TEXT,QID168,QID168_9_TEXT,QID169,QID169_9_TEXT,QID170,QID170_9_TEXT,QID171,QID171_9_TEXT,QID172,QID172_9_TEXT,QID173,QID173_9_TEXT,QID174,QID174_9_TEXT,QID175,QID175_9_TEXT,QID176,QID176_9_TEXT,QID177,QID177_9_TEXT,QID178,QID178_9_TEXT,QID179,QID179_9_TEXT,QID180,QID180_9_TEXT,QID181,QID181_9_TEXT,QID182,QID182_9_TEXT,QID183,QID183_9_TEXT,QID184,QID184_9_TEXT,QID185,QID185_9_TEXT,QID186,QID186_9_TEXT,QID187,QID187_9_TEXT,QID188,QID188_9_TEXT,QID189,QID189_9_TEXT,QID190,QID190_9_TEXT,QID191,QID191_9_TEXT,QID192,QID192_9_TEXT,QID193,QID193_9_TEXT,QID194,QID194_9_TEXT,QID195,QID195_9_TEXT,QID196,QID196_9_TEXT,QID197,QID197_9_TEXT,QID198,QID198_9_TEXT,QID199,QID199_9_TEXT,QID200,QID200_9_TEXT,QID201,QID201_9_TEXT,QID202,QID202_9_TEXT,QID203,QID203_9_TEXT,QID204,QID204_9_TEXT,QID205,QID205_9_TEXT,QID206,QID206_9_TEXT,QID207,QID207_9_TEXT,QID208,QID208_9_TEXT,QID209,QID209_9_TEXT,QID210,QID210_9_TEXT,QID211,QID211_9_TEXT,QID212,QID212_9_TEXT,QID213,QID213_9_TEXT,QID214,QID214_9_TEXT,QID215,QID215_9_TEXT,QID216,QID216_9_TEXT,QID217,QID217_9_TEXT,QID218,QID218_9_TEXT,QID219,QID219_9_TEXT,QID220,QID220_9_TEXT,QID221,QID221_9_TEXT,QID222,QID222_9_TEXT,QID223,QID223_9_TEXT,QID224,QID224_9_TEXT,QID225,QID225_9_TEXT,QID226,QID226_9_TEXT,QID227,QID227_9_TEXT,QID228,QID228_9_TEXT,QID229,QID229_9_TEXT,QID230,QID230_9_TEXT,QID231,QID231_9_TEXT,QID232,QID232_9_TEXT,QID233,QID233_9_TEXT,QID234,QID234_9_TEXT,QID235,QID235_9_TEXT,QID236,QID236_9_TEXT,QID237,QID237_9_TEXT,QID238,QID238_9_TEXT,QID239,QID239_9_TEXT,QID240,QID240_9_TEXT,QID241,QID241_9_TEXT,QID242,QID242_9_TEXT,QID243,QID243_9_TEXT,QID244,QID244_9_TEXT,QID245,QID245_9_TEXT,QID246,QID246_9_TEXT,QID247,QID247_9_TEXT,QID248,QID248_9_TEXT,QID249,QID249_9_TEXT,QID250,QID250_9_TEXT,QID251,QID251_9_TEXT,QID252,QID252_9_TEXT,QID253,QID253_9_TEXT,QID254,QID254_9_TEXT,QID255,QID255_9_TEXT,QID256,QID256_9_TEXT,QID257,QID257_9_TEXT,QID258,QID258_9_TEXT,QID259,QID259_9_TEXT,QID260,QID260_9_TEXT,QID261,QID261_9_TEXT,QID262,QID262_9_TEXT,QID263,QID263_9_TEXT,QID264,QID264_9_TEXT,QID265,QID265_9_TEXT,QID266,QID266_9_TEXT,QID267,QID267_9_TEXT,QID268,QID268_9_TEXT,QID269,QID269_9_TEXT,QID270,QID270_9_TEXT,QID271,QID271_9_TEXT,QID272,QID272_9_TEXT,QID273,QID273_9_TEXT,QID274,QID274_9_TEXT,QID275,QID275_9_TEXT,QID276,QID276_9_TEXT,QID277,QID277_9_TEXT,QID278,QID278_9_TEXT,QID279,QID279_9_TEXT,QID280,QID280_9_TEXT,QID281,QID281_9_TEXT,QID282,QID282_9_TEXT,QID283,QID283_9_TEXT,QID284,QID284_9_TEXT,QID285,QID285_9_TEXT,QID286,QID286_9_TEXT,QID287,QID287_9_TEXT,QID288,QID288_9_TEXT,QID289,QID289_9_TEXT,QID290,QID290_9_TEXT,QID291,QID291_9_TEXT,QID292,QID292_9_TEXT,QID293,QID293_9_TEXT,QID294,QID294_9_TEXT,QID295,QID295_9_TEXT,QID296,QID296_9_TEXT,QID297,QID297_9_TEXT,QID298,QID298_9_TEXT,QID299,QID299_9_TEXT,QID300,QID300_9_TEXT,QID301,QID301_9_TEXT,QID302,QID302_9_TEXT,QID303,QID303_9_TEXT,QID304,QID304_9_TEXT,QID305,QID305_9_TEXT,QID306,QID306_9_TEXT,QID307,QID307_9_TEXT,QID308,QID308_9_TEXT,QID309,QID309_9_TEXT,QID310,QID310_9_TEXT,QID311,QID311_9_TEXT
,,,,,,,,,,1,He is probably following the second homeless guy in order to help him.,,1,,,,3,,1,,,,,,,,,,,,,,2,,,,,,,,,3,,,3,,,2,,,2,,,,,,,,,,,,,,,,3,,,3,,,,,,,3,"She shot someone in the head, so I think she is pretty evil.",,,3,,3,,,,,,,,,,,8,,,,9,Work,9,Relationships,,,,,,,,,,,,,,,8,,,,,,,,,,,,,,8,,It is pretty horrific that the brother died after drinking an energy drink.,,,,,,,,,,,,,,,,,9,Disjointed,,,,,,,8,,,,,,,,,,,,,,,,8,,,,,,,,,,,,3,,,,,,,,,,,,,,,,,,,,,,,,,,,,2,,2,,Guitar is related to music.,,,,,,,,,,,,,,,,,,,,,,,,,3,,,,,,,,,,,,,,,,,,,,,,,,,,,,,,,,,,,,,,,,,,6,,,,6,,,,6,,,,,,,,,,,,,,,,,,,,,,,,,,,,,,,,,,,,,,5,,,,5,,,,9,Sports,3,,,,,,4,,,,,,,,,,,,4,,,,,,,,9,Disjointed,,,9,Food,,,2,,,,,,,,9,Abuse,6,,,,,,,,,,,,,,,,,,,,,,,,,,,,,,,,,,,,1,,,,,,,,,,2,,,,,,,,,,,,,,,,9,Emotions,1,,,,,,,,,,,,4,,,,,,,,,,,,,,,,,,6,,,,3,,,,,,,,,,,,,,,,,,,,,,9,Disjointed,,,,,,,,,,,5,
,1,,,,1,,,,,1,he made good deeds such as helping the homeless,1,,2,,,,,,,,,,,,,,,,,,,,2,,,,,1,,,3,,,,,,2,,,,,,,2,,,,,,,,,,2,,,,,,,,,,,,3,she was a criminal for things such as robbery and murder,,,,,,,,,,,,2,3,,,8,,,,,,,,,,2,,,,,,,,,,,,,,,,3,,8,,,,8,,,,1,,mentions a brother,,,,,,,,,7,,,,,,7,,,,,,,,,,,,,,,,,,,,,,,,6,,,,,,,,1,,,,7,,8,,,,,,,,,,,,,,,,,,,,,,,,,,,,,,1,,it mentions a grandfather,,,,,,,,,4,,3,,,,,,,,,,,,3,,,,,,,,,,,,,,,,1,,8,,,,,,,,,,,,6,,,,3,,,,,,,,,,,,,,6,,,,,,,,,,,,,,,,,,,,,,,,,,,,,,,,,,5,,5,,,,,,,,,,5,,,,,,,,,,,,,,,,3,,,,,,,,,,1,,,,,,,,,,,,,,,,,,,,,,,,,,,,,,,,,,,,,,8,,4,,,,,,,,,,,,,,,,,,,,,,4,,2,,,,,,2,,,,,,,,,,,,,,,,,,,,,,7,,5,,,,,,,,,,,,,,,,8,,,,,,,,,,,,,,,,,,,,,,,,,,,,,,,,,,,,,,,,,,5,,,,,
,,,,,,2,,,,1,he wanted to help,1,,2,,,,,,,2,,,,2,,,,,,,,,2,,,,,2,,,,,,,,,,,,,,2,2,,,,,,,,,,,,,,,,,,1,3,,,2,3,she was a bad person,,,,,,,,,,,,,,,,8,,,,9,work,,,7,,,,,,,,,,,,,,,,,,,,,,,,,,,,1,,they are family,,,,,,,,,,,,,,,,,,,,,,,,,,,,,,,,,,,,,,,,,,,,,,,,,,,,,,,,,,,,,3,,,,,,,,,,2,,2,,,,,,,,,,2,,it was music story,2,,,,,,3,,,,,,,,7,,,,3,,,,3,,,,,,,,,,,,,,,,,,,,,,,,,,,,,,,,,,,,,,6,,6,,6,,6,,,,,,,,,,,,,,3,,,,,,,,,,2,,,,,,,,,,,,,,,,3,,3,,,,,,,,,,,,,,,,,,1,,,,,,,,,,,,,,,,,,,,,,,,,,,,,,2,,,,,,,,,,,,,,,,,,,,,,,,,,,,,,,,,,1,,,,3,,,,,,,,,,,,,,,,,,6,,6,,7,,,,,,,,,,,,,,,,,,,,,,5,,,,,,,,,,,,,,,,,,,,,,,,6,,,,,,,,,,6,,6,,,,,,5,,,,7,,,,,,,,,,,,9,police,,
,,,,,,3,,,,1,The character of this story did good things to help the homeless people,,,,3,,,,,,,,,,,,,,1,,,,3,,,,,,,,,2,,,,,2,,2,,,2,,,,3,,,,,,,,,,,,1,,,,,,,,,3,"Eventhough she attacked a man that did horrible things, she wasn't better than him.",,,,,,,,,,,,2,,3,,8,,,,,,,,,,,,,,,,,,,,,,,,,,,,,,,,,,,,3,,I consider the death of the brother as an accident,1,,,,,,,,,,,,,,,,,,,,,,,,,,,,,,,,,,,,,,,,,,,,,,,,,,,,,,,,,,1,,,,,,2,,,,,,,,7,,,,,,,,,,2,,Because the story is talking about music plays,,,,,,,,,,,,,,,,,,,,,,,,,3,,,,9,Good actions,,,,,,,,,,,,,,,5,,,,5,,,,5,,3,,,,,,,,,,,,6,,,,,,,,,,1,,,,,,,,,,,,5,,2,,,,,,,,,,,,3,,,,3,,,,,,,,,,,,,,,,,,4,,5,,,,,,3,,,,,,8,,7,,1,,,,,,,,,,,,,,,,,,,,,,6,,,,,,,,,,,,,,,,6,,,,,,,,,,,,,,,,,,,,,,,,,,,,,,2,,,,,,,,,,,,,,,,,,5,,,,,,,,,,,,,,,,,,,,,,,,1,,,,,,4,,,,8,,6,,,,,,,,,,,,,,,,,,,,,,,,5,,,,,,5,,,,,
,,,,1,,,,,,1,He helped the homeless man,,,,,,,1,,2,,,,,,,,,,,,,,,,,,,2,,,2,,,,,,,,,,2,,,,,,2,,,2,,,,,,,,,2,,,,3,,,3,She tried to kill him,,,2,,,,,,,3,,,,,,8,,7,,,,,,7,,,,,,,,,,,,,,,,,,5,,,,,,,,,,8,,His brother died ,,,,,,,,,,,,,1,,,,,,7,,9,Sports,5,,,,,,,,,,,,,,,,,,,,,,1,,,,9,Friends,,,,,,,,,,,6,,,,,,,,,,2,,2,,,,,,,,,,2,,It talks about playing his grandpa's guitar,,,,,,,,,,,,,,,,,,,,,,,,,,,5,,5,,4,,,,4,,,,,,6,,,,,,8,,,,,,,,,,,,6,,,,,,,,,,,,,,,,,,,,,,,,,,,,,,,,2,,,,,,,,2,,,,,,,,,,,,,,,,,,,,,,,,,,,,,,,,,,,,,,,,,,7,,,,,,7,,,,,,,,,,,,,,,,,,,,,,,,,,,,,,,,,,,,,,,,,,,,1,,,,,,,,,,,,1,,,,,,,,,,,,,,,,,,6,,,,,,,,,,,,,,,,,,,,,,,,4,,,,,,,,4,,4,,,,,,,,,,9,War,,,,,,,,,,,,,,,,,,,,,,,,,6,,,,,,5,,,
,,,3,,,,2,,,1,The person giving him money was a good decision,,,,,,,,,,,,,,,,,2,,2,,,,,1,2,2,,,,,,,,,,,,,,,2,,2,,,,2,2,,,,,,1,,,,,,,,,,,,3,Because she had the intention to kill someone,,,,,,,,,,,,,,,,8,,,,,,,,7,,2,,,,,,,,,,,,,,,,,,8,,,,,,,,7,,The dead brother is terrifying,,,,,,,,,7,,,,1,,,,,,,,,,,,8,,3,,,,,,,,,,,,,,8,,,,1,,,,,,,,,,7,,,,,,,,,,,,,,2,,,,,,,,,,,,,,2,,The guitar and musician are musical,,,,,,,,,,,,,,,,,,,,,,,,,,,5,,,,,,,,,,,,,,7,,,,,,,,,,,,8,,,,,,,,,,,,,,,,,,,,6,,,,1,,1,,,,,,1,,,,,,,,,,,,,,,,,,,,,,,,,,3,,,,3,,5,,,,,,,,,,,,,,,,,,,,,,3,,,,,,,,,,,,,,,,,,,,,,,,,,6,,,,,,,,,,,,,,,,,,5,,,,3,,1,,,,,,8,,,,,,,,,,,,,,,,,,,,2,,,,,,,,,,,,,,9,Sports,,,,,,,,,,,,,,,,,,,,,,,,,,,,,,,6,,,,,,,,,,,,,,6,,,,3,,,,,,,,,,,,,,,,,,,,,
,,,,,,,,,,1,"giving money to a homeless man is an act of kindness, and thus good",,1,,,,,1,,2,,1,,,,,,,,,,,,,2,,,,,,,,,,,,,,,2,,,,,,,,,2,,,,,,,,,,,,,,,3,,,3,"a lady shoots someone  with a gun, grim and horrible thus evil",,,3,,3,,,2,3,,,,,,,8,,,,,,,,,,2,,,,,,,,,,,,,,,,,,,,8,,,,,,8,,the brother dies ,,,,,,,9,random,,,,,,,,,,,,,9,sports,,,,,,,,,,,,,,,,,,,,,,,,,,,,,,,,,,,,,,,,,1,,,,,,,,,,,,,,,,,,2,,2,,the olay has a solo and the grandfather is a musician,2,,,,,,,,8,,3,,,,,,,,3,,3,,,,,,5,,,,,,,,,,,,,,,,,,,,,,,,,,,,,,,,6,,,,,,,,,,,,,,6,,,,,,,,,,,,,,,,,,,,2,,,,,,,,2,,,,,,,,,,,,,,,,3,,,,,,,,,,,,,,,,3,,4,,,,,,,,,,3,,,,,,,,,,,,,,,,,,,,,,,,,,,,,,,,8,,,,,,,,,,,,5,,1,,,,,,,,,,2,,,,,,,,,,,,,,,,2,,,,,,,,8,,,,,,,,,,,,,,8,,,,4,,,,4,,,,,,,,,,,,,,,,,,,,,,,,,,,,,,1,,,,,,,,,,3,,,,,,,,,,,,8,
,,1,,,,3,,,,1,He helped a homeless man so i find it a morally good story,,,,,,,,,2,,1,,,,,,,,,,2,,,2,,,,,,1,,,,,,,,,,2,,,,,,,,,2,,,,1,,,,,,,,,,,,,3,She shot a man in the head. I consider the story evil,3,3,,,,,,,,,,,,,,8,,,,,,,,,,7,,,,,,,,,,,,,,,,,,,,,,,,3,,5,,He imagined that there was a spider in the bathroom. ,3,,,,,,,,,,,,,,,,,,7,,,,,,,,,,,,,,,,,,,,,,,,1,,,,,,,,,,3,,,,,,,,,,3,,,,,,,,,,2,,,,2,,,,,,2,,I was between family and music but i prefer music because of the solo by a musician and the guitar he was holding,,,,,,,,,,,,,,,,,,,4,,,,,,,,,,,,,,,,,,,,,,,,,,,,,,,,7,,,,,,,,,,,,,,,,,,,,5,,,,,,,,,,4,,,,,,,,,,,,,,,,,,,,,,,,,,,,,,,,,,3,,,,,,,,3,,,,4,,,,,,,,,,1,,,,,,,,,,3,,,,,,1,,,,,,,,,,,,,,,,6,,6,,,,,,,,,,,,,,,,,,,,,,,,,,,,,,2,,,,2,,,,,,,,,,,,,,2,,,,,,3,,9,Guidance,,,,,,,,,,,,,,,,,4,,,,,,,,,,,,,,,,,,,,,,,,,,,,,,,,1,,9,Having fun,5,,,,,,3,,,,,,,,,,8,,,
1,,,,,,,2,,,1,he helped a homeless man and I dont know yet what he did to the other one but nothing was implied,,,,,,,1,,,,,,1,,,,,,,,,3,,1,,,,,,,,,,3,,1,,,,1,,,,2,,,,,,,,2,,,,,,,,,,,,2,,3,she shot a person and robbed a person,,,,,,,,,,,,,,,,8,,,,,,,,,,7,,1,,,,,,,,,,,,,,,,,,,,8,,,,8,,he drank a drink and died thats pretty horrifying to me,,,,,,,,,7,,,,1,,,,,,,,,,,,8,,,,,,,,,,,,,,,,,,1,,,,,,,,,,,,,,,,,,,,,,,,,,2,,,,,,,,,,2,,,,2,,the whole phrase is about music from a solo to a guitar to playing it,,,,,,,,,,,,,,,,,,,,,,,,,,,,,,,4,,,,,,,,,,,,,,,,,,,,7,,8,,,,,,,,,,,,,,,,,,,,,,,,,,9,humor,,,7,,,,1,,,,2,,,,,,,,3,,,,,,,,,,3,,,,5,,3,,,,,,,,,,4,,,,,,,,,,,,,,,,,,1,,,,,,,,,,,,,,,,,,,,,,,,,,,,,,,,,,,,,,,,,,,,,,,,,,,,5,,1,,6,,,,,,,,,,,,,,,,,,2,,,,8,,,,,,,,,,3,,,,,,,,5,,,,,,,,,,,,,,,,4,,6,,,,,,,,,,,,,,,,,,,,,,,,,,,,,,,,,,,,,,,,,,8,
,2,,,,2,,,,,1,The moral alignment is good since they helped a homeless man without wanting anything back,1,2,,,,3,,,,,,,,,2,,,2,2,,,,,2,,,,,,,,,,,,,,,2,,,,,,,,,,,,,,1,,,,,,,,,,,,2,3,Evil because gun violence,,,,,,,,,,,,,,,,8,,,,9,Work,,,7,,,,,,,,7,,,,,,,,,,,,,,8,,,,,,8,,"At first glance I would say Family but Horror fits better because it could be related to assassination, maybe even some monster that can shapeshift since they thought it was a spider at first",,,,,,,3,,,,,,,,7,,,,,,,,,,,,,,,,5,,,,,,,,,,8,,,,,,,,,,,,,,,,,,,,,,,,,,,,,,,,,,,,,,,,,,2,,I chose music because the main point was about someone wanting to play the guitar,,,,,,,,,,,,,,,,,,,,,,,,,,,3,,,,,,,,,,5,,9,Fantasy,,,,,5,,,,,,,,,,,,,,,,,,9,Bullying,,,,,,,,,,,,,,,,,,,,,,,,,,,,,,,,,,,,,,,,,,,,,,,,,,,,,,,,,,,3,,,,,,,,,,,,,,1,,,,,,,,9,Bullying,5,,,,9,Theatre,,,,,2,,,,,,,,,,,,,,,,,,,,,,,,,,,,,,,,5,,,,,,,,,,,,,,,,2,,,,,,,,,,,,,,,,3,,,,,,,,9,Sports,,,,,,,,,,,,,4,,,,,,,,,,,,,,,,,,6,,,,,,,,,,6,,,,,,1,,5,,,,3,,,,3,,,,8,,,,,,,,8,
,,,2,,,,,,,1,He was doing a good deed,,,,,,,,,,,,,,,,,,,,,,1,,1,,1,2,,,,,,,,,,2,,,,,,2,,,2,,,,,2,3,,,,,,,,,,3,,,,3,"It is a violent story, even if it has a good ending ",,,,,,,,,,,,,3,,,8,,,,,,,,,,,,,,7,,,,,,,,,,,,,,,,,,,,,,5,,the way things are described ,,,,,,,,,,,,,,,7,,,,,,,,,,,,,,,,,,,,,,,,,,,,,,,,,,,,,,,,,,,,,,,,,,2,,2,,2,,,,,,,,,,,,7,,2,,The whole sentence is about music,,,,,,,3,,,,,,,,,,,,3,,3,,,,,,,,,,,,,,,,,,,,,,,,,,,,5,,,,,,,,6,,,,,,,,,,,,,,,,,,,,7,,,,,,,,,,,,,,2,,2,,,,,,,,,,,,,,,,,,,,,,,,,,,,,,3,,,,,,4,,,,,,4,,,,,,,,1,,,,5,,,,5,,,,,,,,,,,,,,,,6,,,,,,,,,,,,,,,,,,,,,,,,,,,,,,1,,,,,,,,2,,,,,,3,,,,8,,,,,,8,,,,,,,,,,,,,,,,5,,,,,,,,,,5,,,,5,,,,,,,,,,,,,,6,,,,,,,,,,,,1,,,,,,,,,,,,,,6,,,,,,,,,
1,,,,,,,,,,1,"I thought tit was a good story, because the man is taking action in something that bothers him, and is trying to help those who need it the most. ",1,,,,,2,,,,,,,1,,,2,2,,,3,,,2,,,,,,,,,,,,,,,,,,,,,,,,,,,,,2,,,,,,,1,,,,,2,,3,"I think it is morally evil, because she decided to frame him, and also shot him trying to kill an inocent man, as I think that's really wrong, and malicious. ",,,,,,,,,,,3,,,,,8,,7,,,,7,,,,,,,,,,,,,,,,,,3,,,,,,3,,,,,,3,,I categorized it asan accident/disaster because it's taking about his brother's death wich was an accident do to the drink.,,,,,,,,,,,,,,,,,,,,,,,,,8,,,,,,,,,,,,,,,,,,,,1,,,,,,,,9,Narrative,,,,,,,6,,1,,,,,,,,,,7,,2,,,,,,,,1,,"Even though it's taking a music, he mentions how music is important because of his grandpa's guitar, wich I feel is more family involved rather than music.",,,,,,,,,,,,,,,,,,,,,,,8,,,,,,,,,,4,,,,,,,,,,,,,,5,,,,,,,,,,,,,,,,,,6,,6,,,,6,,,,,,,,,,,,,,1,,5,,,,,,,,,,,,7,,,,,,,,5,,,,,,,,,,,,,,,,,,,,,,4,,,,,,,,,,,,,,,,,,,,,,,,,,9,Travel,,,,,,,,,,,,,,,,,,,,,,,,,,,,,,,,,,,6,,,,,,9,Adventure/Traveling,,,,,,,,,,,,,,,2,,,,,,,,,,,,,,,,,,1,,,,5,,5,,,,,,4,,,,,,,,,,,,,,,,,,,,,,,,,,,,,,,,,,,,,,,,5,,,,,,,,5,,,,,,,,,
1,,,3,,,,,,,1,It was a selfless act. It had no other intention than to make the other person's day batter.,,1,,,,,1,,,,,,,,,,,,,,2,2,,1,,,,,,,,,,,,,1,,,,2,,,,,,,,,,,,,,,3,,,,,,,,,1,3,The woman killed a man and framed a man for other crime.,,,,,,,,,,,,,,,2,8,,,,,,,,,,7,,,,,,,,,,,,8,,,,,,,,8,,,,,,1,,"although it has some aspects of an accident or horror, the mention of being brother and brother/sister, seemed more important than the other stuff",,,7,,,,,,,,1,,,,,,,,,,,,,,,,,,,,,,,,,,,,,,,,,,,,,,,,7,,3,,,,,,,,,,6,,,,2,,,,,,,,2,,6,,,,,,1,,It was more about the story of their grandfather than the guitar's,2,,,,,,,,,,,,,,,,,,,,,,,,,,,,5,,,,,,,,,,,,,,,,,,,,,,,,,,,,,,,,6,,,,,,,,,,,,,,6,,,,,,,,7,,1,,,,,,,,,,,,,,,,,,,,,,,,,,,,,,,,9,Sports,,,,,3,,,,,,,,,,,,,,,,,,,,,,,,9,Trip,,,,,,,,,,,,,,,,,,,,,,,,,3,,,,,,,,,,,,,,,,,,,,1,,,,,,,,,,1,,,,,,,,,,,,,,7,,2,,3,,,,,,5,,,,,,,,,,,,,,,,,,,,,,,,,,5,,,,,,,,,,,,,,,,8,,,,,,,,,,1,,9,Work,,,,,,,,,,,,,9,Trip,,,,
,,2,,,1,2,,,,1,The passage was morally right and had elements I felt were good.,,,,,,,,,,,,,,,,,,,2,,,,,,,,2,,,,,,,,,,,,,,2,,2,,,,2,,,,,,,,,,3,,,,3,,,,,3,"The passage had acts of violence, therefore rendering it evil.",,,,,,,,,,,2,,1,,,3,,,,,,7,,,,7,,,,,,,,,,,,,,,,,,8,,,,,,,,8,,"The passage made reference to a dead brother, and those are horrifc elements for family members",8,,7,,,,,,,,,,,,,,,,,,,,5,,,,,,,,,,,,,,,,,,,,,,,,,,,,,,3,,,,,,,,,,,,,,2,,,,2,,,,,,,,,,,,2,,"The passage talks about a musician doing a solo, plus there is elements of musical instruments",,,,,,,,,,,,,,,,,,,3,,,,,,,,5,,,,4,,,,,,,,,,7,,,,,,,,,,,,,,,,3,,,,,,,,,,,,,,6,,,,,,,,,,,,7,,,,,,,,,,,,2,,,,2,,,,3,,,,,,,,,,,,,,,,,,,,,,,,,,,,,,3,,,,,,,,,,1,,,,,,,,,,,,4,,,,,,,,,,,,,,,,,,,,,,8,,1,,,,,,,,,,,,1,,,,9,Death,,,,,,,1,,,,,,,,,,,,2,,,,,,,,3,,,,,,,,,,,,,,,,,,,,,,,,4,,,,,,4,,,,,,,,,,,,,,,,,,,,,,,,,,,,,,,,7,,,,,,,,,,,,,,,
1,,,,,,,,,,1,he showed compassion for the first homeless man and is seemingly following the second on so that he can help.,1,,,,,,1,,,,,,,,,,,,,,,,,,,,,,,,,,,,,,,,,,,2,2,,,2,,,,,,,,,,,,,1,,,3,,3,2,3,she is committing acts of violence.,,,,,,,,,,,,,3,3,,8,,,,,,,,,,2,,,,,,,,,,8,,,,,,,,,,8,,,,,,8,,it feels like the protagonist is horrified. ,,,,,,,,,,,,,,,,,,,,,,,,,8,,,,8,,,,5,,,,,,,,,,,,,,,,,,,,,,,,1,,,,,,,,,,,,,,,,2,,,,,,2,,,,2,,it is related to musical performances and features a musical instrument.,,,,,2,,,,,,,,9,frustration,,,,,,,3,,,,,,,,5,,,,,,,,,,,,,,5,,,,,,,,,,,,,,,,,,,,,,,,,,,,,,6,,,,,,,,,,,,,,,,2,,2,,,,,,,,,,,,,,,,,,,,,,,,,,,,,,9,Friendship,3,,,,,,,,6,,,,,,,,,,,,1,,,,,,9,Politics,,,,,,,,,,,,,,,8,,,,,,,,,,,,,,3,,,,,,1,,,,,,,,,,,,,,,,,,,,2,,,,,,,,,,,,,,,,,,3,,,,,,,,,,,,,,,,,,,,,,,,,,,,,,,,,,,,,,,,,,,,,,,,6,,5,,,,,,,,,,,,5,,5,,,,,,,,,,5,,,
,,,2,1,,,2,,1,1,Helping out a homeless person is an act of kindness/Good,,,2,,,,,,,,,,,,,,,,,,,3,,,,,,,,1,,,,,,,,,1,,,,,,,,,2,,,,,,,,,,,,,,,,3,,3,Framing someone for something they did not do and shooting someone with a gun is evil and unkind,,,,,,,2,,,,,,,3,,8,,,,,,,,,,,,,,,,,,,,,,,,,,,,,,,,8,,,,8,,Seeing a dead body can really be scary,,,,,,,,,,,,,1,,,,,,,,,,,,,,,,,,,,,,,,,,,,,,,,,,,,,,,,,,5,,1,,,,,,,,,,,,,,,,,,,,,,,,,,2,,the passage is based on college musical play,,,,,2,,,,3,,,,,,,,,,,,,,,,3,,,,,,,,,,,,,,,,,,,,,,,,,,,,,,3,,,,,,,,,,,,,,,,6,,,,,,,,1,,,,,,,,,,,,,,2,,,,2,,2,,,,,,,,,,,,,,,,,,,,,,9,Competition,,,,,,,,,,,,,,,1,,3,,7,,,,3,,7,,,,,,,,,,,,,,,,,,,,8,,,,,,,,,,,,1,,,,,,1,,,,,,,,,,,,,,1,,2,,,,,,,,,,,,,,,,2,,,,,,,,,,,,5,,,,,,,,5,,7,,,,,,,,,,,,4,,,,,,,,4,,,,,,3,,,,,,,,,,,,,,,,3,,,,,,,,,,,,,,,,,,,
1,,,,,2,,,,,2,he felt bad so thats why he did something nice ,1,,,,,,,,,,,,,,,,,,,,,,1,1,,,,,,,,,1,1,,,,,,,,,,,3,,,1,,,,,,,,,,,,,2,,,,,3,she tried to murder him,,,,,2,,,,,,,1,,,,8,,7,,,,,,,,,,,,,,,,,,,,,,,,,,,,3,,8,,,,8,,sounds like something from a horror book,,,,,,,,,,,5,,,,,,,,,,,,,,,,,,,,,,,,,,,,,,,,1,,1,,,,,,,,,,,,,,,,,,1,,,,,,2,,,,,,2,,2,,,,2,,2,,its about music,,,,,,,,,,,,,,,,,,,,,,,,,,,,,,,,,7,,,,5,,,,,,,,,,,,,,5,,,,,,,,,,,,,,,,,,,,,,,,6,,,,,,3,,,,,,,,2,,,,,,,,2,,,,,,,,,,5,,,,,,,,,,,,,,,,,,4,,,,,,,,,,,,,,,,,,,,,,,,5,,,,,,,,,,,,,,,,,,,,,,,,,,,,,,,,,,,,,,,,5,,,,,,,,,,,,,,,,2,,,,,,,,,,2,,,,,,,,,,,,,,,,1,,3,,,,5,,,,,,,,,,,,,,,,,,4,,,,,,,,,,,,,,1,,,,,,,,,,,,5,,,,,,5,,,,,,,,5,,,,,
,,,,,,,,,,2,He didn't help him,,,,2,,2,,1,,,,,,,,,,,,,,,,,,,1,,,,,,,,,,,,,,,,,,,,,,,2,,,,1,1,,3,,,3,,,,,2,3,guns and crimes are never good,,,,,,,,,,,,,,3,2,8,,,,,,,,7,,,,,,,,,,7,,,,,,,,,,,,,,,,,,5,,suddenly the spider desapeared,,,,,,,6,,,,,,,,,,,,,,,,,,,,,,,,,,,,,,,,,,,,,,,,,,9,Friendship,,,,,,,,,,,3,,,,,,,,2,,,,7,,2,,,,,,,,2,,It talked about music and family,,,,,,,,,,,,,,,,,,,,,,,,,,,,,9,,,,,,,,,,5,,,,5,,,,,,,,5,,,,,,,,,,,,6,,,,,,,,,,,,,,,,,,,,,,,,,,,,,,,,2,,2,,,,,,,,,,,,,,,,,,,,,,,,,,,,,,8,,,,,,,,,,,,3,,,,,,,,,,,,,,,,,,,,8,,8,,,,8,,,,,,,,,,,,,,,,,,,,5,,,,5,,,,,,,,,,1,,,,,,,,,,,,,,,,,,,,,,,,,,,,,,3,,,,,,,,5,,,,4,,,,5,,4,,,,,,,,,,3,,,,,,,,,,,,,,,,,,,,,,,,,,5,,,,,,,,,,3,,,,,,5,
,,,,1,,3,,1,,1,"The actions that the man made towards the homeless man felt good to me, such as gave him money and gum and they checking on the other homeless man he saw. ",,1,2,,,,,,,,,,2,2,,,,2,,,,,,,2,,,,,,,,,,,,,,,,,,,,,,,,,,,,,,,,,,,3,,,,,,3,It's evil to me because it describes an armed robbery and that someone was shot in the head and went into coma.,,,,,,,,,2,,,,,3,,8,,,,,,,,7,,,,,,,,,,,,,,,,,,,,,,,,,,,,3,,I believe it fits in accident because is described as the narrator found his brothers dead because of the energy drink but sounds like the brother was already death for a while and no one noticed. ,,,7,,5,,,,7,,5,,,,,,,,,,,,,,8,,,,,,,,,,,,6,,,,8,,1,,,,,,,,,,,,,,,,1,,,,1,,,,,,,,,,,,4,,,,2,,,,2,,Because it mentions music and musical instruments.,,,,,,,,,,,,,,,,,,,,,,,9,Weather,,,,,,,,,,,,,,,,,5,,,,,,,,,,,,,,5,,,,3,,,,,,,,,,,,,,,,,,,,,,,,,,1,,,,,,,,,,,,2,,,,,,,,,,,,,,3,,5,,,,,,,,,,,,,,,,,,,,,,,,,,5,,,,,,,,,,,,,,,,5,,2,,,,,,,,,,,,,,,,,,,,6,,,,,,,,,,,,,,,,,,,,,,,,,,,,,,,,,,3,,2,,,,,,2,,,,,,,,9,Directions,,,,,,,,,,,,,,,,,,,,,,,,,,,4,,,,,,,,8,,,,,,,,,,,,,,,,,,,,9,Animals,,,,,,,,,,,,,,,,
,,2,,,,,,,,1,It was morally good because the main character was helping the homeless men,2,,,1,,,,,,,,,,,2,,,,,2,,,,,,,,,,,,,,,,,2,,,,,,,,,,,,2,2,,2,,,,,,,,,1,,,2,,3,it was morally evil because the robber tried to kill her assailant who framed her,,,,,2,,,,,,,,,,,8,,7,,,,,,,,,,7,,,,,,7,,,,,,,,,,,,,,,,,,3,,because their brother died after drinking an energy drink,,,7,,,,,,,,,,,,,,,,,,9,Sports,,,,,,,,,,,,,,,,,,,,,,,,,,,,,,,,,,,,,,,,,,,2,,2,,,,,,,,,,2,,,,,,2,,because the story is talking about a college play and playing their grandfather's guitar,2,,,,2,,,,,,,,,,,,,,,,3,,,,3,,,,,,,,7,,,,5,,1,,,,,,,,,,,,,,,,,,,,,,,,,,,,,,,,,,,,,,,,,,,,,,,,,,,,,,,,,,,,,,,,,,7,,3,,,,3,,,,,,,,,,,,,,,,,,,,6,,,,,,,,,,,,,,3,,,,,,,,,,,,2,,6,,,,,,6,,,,,,,,,,,,,,3,,,,,,,,,,,,,,,,,,,,,,,,,,5,,,,,,,,,,2,,,,,,,,,,,,,,,,,,,,3,,,,,,,,,,,,,,4,,,,,,4,,,,,,,,,,,,,,,,,,6,,,,,,,,,,8,,,,3,,,,,,,,,,,,,
,,3,,,,,,,,1,The man was being helpful. ,,,,,,,,,,1,,,,,,2,,2,,,,,,,,,,,,,,,,,,2,,2,1,2,,,,3,,,,,3,2,,2,,,,,,,,,,,,,,3,"The lady was a robber, framed someone, and tried to murder a man.",,,,,,,,,,,,,,,,8,,,,,,,,,,,,,,,,,,,,,,,,8,,,,8,,,,,,,,8,,It sounds like a bizarre idea for a horror movie where a person can see things that determines people's fate.,,,,,,,3,,7,,,,,,,,,,,,,,,,,,7,,,,,,,,,,,,,,8,,,,,,,,5,,,,,,,,,,1,,,,,,,,2,,2,,,,,,,,2,,,,,,1,,"It seemed to be about music, but i picked family because it was more about the sentimantal value the guitar held.",,,8,,,,,,,,3,,,,,,1,,,,3,,,,,,,,,,,,,,,,,,,,,,,,,,,,8,,,,,,,,,,,,6,,,,,,,,,,,,,,,,1,,1,,,,,,,,,,,,,,2,,,,,,,,2,,3,,7,,,,,,3,,,,,,,,,,,,,,,,,,,,,,,,,,,,,,,,,,,,7,,5,,5,,,,,,,,,,,,,,,,,,,,,,,,,,5,,,,,,,,,,,,,,,,,,,,,,,,,,,,,,2,,,,,,2,,,,,,,,,,,,,,5,,,,,,,,,,,,,,,,,,,,,,,,,,,,,,,,,,,,,,,,,,,,,,,,,,,,,,,,,,,,,,,,,,,,,,5,,,
,,,,,,,,,,1,i think he was goingo to protect the other homeless man,,1,,3,,,,,,,,,,,1,3,,2,,,,,,,,2,,2,,,,,,2,,,,,,,,,,,,,,,,,3,,,,,,,,,,1,,,,,3,i don´t think she was in the right to shoot at him,,,2,,,,,,,,,1,,,,8,,7,,,,,,,,7,,,,,,,,,,,,,,3,,,,,,,,,,,,1,,this person is talking about their brother,,,7,,,,,,7,,,,,,,,,,,,,,,,,,6,,,,,,,,8,,,,,,,,,,1,,,,1,,,,,,,,,,,,,,,,,,,,,,,,,,,,,,,,,,2,,they are talking about a solo by a musician ,,,,,2,,,,,,,,5,,,,,,,,,,,,,,,,,,,,,,,,,,,,7,,,,,,5,,,,9,Creepy,,,,,,,6,,,,,,,,,,,,,,,,,,,,,,,,,,,,,,,,,,,,,,,,,,,,,,,,,,3,,3,,,,,,,,3,,,,,,,,,,,,,,,,,,,,8,,,,,,,,,,,,,,,,,,2,,3,,5,,,,,,,,,,6,,,,,,,,,,6,,,,,,,,,,,,,,,,,,1,,,,,,,,,,,,5,,,,,,,,,,,,,,,,,,5,,3,,,,,,,,,,,,4,,,,4,,,,,,8,,,,,,,,,,,,,,,,,,,,,,,,,,,,,,,,,,,,,,,,,,9,travel,,,,
,,,,,3,,,,1,1,Because he walked to homeless and gave him money,,,,,,,,,,,1,,,,,,3,2,3,,,,2,,,,,,,,,,,,,,,,,,,,2,2,,3,,1,,,,,,,,,,,,,,,,,,3,Because Lady Pember was jailed for armed robbery,,,,,,,,,3,,,,,,,8,,,,9,effort,9,Relationship,,,,,7,,,,,,,,,,,,3,,,,,,,,,,,,8,,because there are spider and mortal energy drink,,,7,,,,,,,,,,,,,,,,,,,,,,,,,,,,,,9,conviction,,,,,,,,,,,,,,,,,,,,,,,,,,,,,,,,,,,,,,,,,,,,,,,,,2,,because it is a solo played with a guitar,,,,,,,,,,,,,,,,,1,,,,,,,,,,,,,,,,7,,,,,,,,,,3,,,,8,,5,,,,8,,,,,,,,,,6,,,,,,,,,,,,,,,,,,,,,,,,,,,,,,2,,2,,,,,,,,,,7,,,,,,,,8,,,,,,,,,,3,,,,6,,,,6,,,,,,,,6,,,,,,,,,,,,,,,,,,,,,,,,,,,,,,,,,,,,,,6,,,,,,,,,,,,,,1,,,,,,,,,,,,,,,,,,,,2,,,,,,2,,,,,,3,,8,,,,,,,,,,,,,,,,,,,,6,,4,,,,,,4,,,,,,,,,,,,,,,,,,,,,,,,1,,,,,,,,,,,,,,,,,,9,trip,,,,
1,,,,,,,,,,1,help a homeless person be seen in a positive light,,,,,,,,,,,,,3,,,,,1,,,,,,1,,,,2,,,,,,,,,,2,,,,,2,,,,,,3,,3,2,,,,,,2,,,,,,3,,3,"she, in addition to committing robbery, almost killed a person",,,,,,,,,,,,,,,,8,,,,,,,,7,,7,,7,,7,,,,,,,,,,,,,,,,,,,,,,8,,there is death and arachnophobia,,,,,,,8,,7,,,,,,,,,,,,,,,,,,3,,,,,,,,,,,,,,,,1,,,,,,,,,,,,,,,,,,,,,,,,,,,,,,,,,,6,,,,,,2,,It's about a musical solo in a school,,,,,,,3,,,,,,,,5,,,,,,,,,,,,,,,,,,,,,,,,,,,,5,,,,,,8,,,,,,,,,,,,,,,,,,,,,,,,,,,,,,,,,,,,,,,,,,,,,,,,,,,,,,,,,,3,,3,,3,,,,,,,,,,,,,,,,,,4,,,,,,,,9,cooking,,,,,,,3,,,,5,,,,,,,,2,,,,,,,,,,,,,,,,,,,,6,,3,,,,,,,,,,,,3,,,,,,,,,,,,,,,,,,7,,,,,,,,2,,,,,,,,,,,,,,8,,,,1,,,,7,,,,,,,,,,,,,,,,,,8,,,,,,,,,,,,,,,,,,,,,,,,,,,,9,daily routine,5,,,,,,,,,,,,,
1,,,1,,,,2,,,1,He helped another human being which is an act of good faith.,,,,,,,1,,,,,,,,,,,,,,,,,1,,,,,,,,,3,,,,,2,,,,,,,,,,,3,,3,,1,,,,,,3,3,,,,,,3,Lady Pember committed a crime causing harm to another human being which is an act of evil.,,,,,,,,,,,,,,,,8,,,,,,1,,,,,,,,5,,,,,,,,,,,,,,,,,,8,,,,3,,The brother died so I consider this as a disaster,,,,,,,,,,,5,,,,,,,,,,,,,,,,,,,,5,,,,8,,8,,,,,,1,,,,,,,,,,,,,,1,,,,,,,,,,2,,,,,,,,2,,,,,,,,2,,A musician performed which makes this about music.,,,5,,,,,,,,,,,,,,,,,,,,,,3,,,,,,4,,,,,,,,,,,,,,,,,,5,,,,,,,,,,,,,,,,,,,,,,,,,,,,,,,,,,1,,,,1,,,,,,,,,,,,,,2,,,,,,,,,,3,,,,,,,,,,,,,,,,,,,,,,,,,,,,,,5,,,,,,,,9,Politics,,,,,,,,,8,,,,,,8,,,,,,,,,,8,,,,,,,,9,Literature,,,,,,,,,,,,,,,,,2,,,,,,,,,,3,,2,,,,,,,,,,,,,,9,Movies,,,,,,,,,,,,,,,,,,,,,,,4,,,,,,,,,,,,,,,,5,,,,,,,,,,,,,,,,,,,,,,,,,,,,,,,,5,
1111111,12,1223,32321,111,12123,23323,2222,1,11,1111111111111111221111111,"He is probably following the second homeless guy in order to help him.he made good deeds such as helping the homelesshe wanted to helpThe character of this story did good things to help the homeless peopleHe helped the homeless manThe person giving him money was a good decisiongiving money to a homeless man is an act of kindness, and thus goodHe helped a homeless man so i find it a morally good storyhe helped a homeless man and I dont know yet what he did to the other one but nothing was impliedThe moral alignment is good since they helped a homeless man without wanting anything backHe was doing a good deedI thought tit was a good story, because the man is taking action in something that bothers him, and is trying to help those who need it the most. It was a selfless act. It had no other intention than to make the other person's day batter.The passage was morally right and had elements I felt were good.he showed compassion for the first homeless man and is seemingly following the second on so that he can help.Helping out a homeless person is an act of kindness/Goodhe felt bad so thats why he did something nice He didn't help himThe actions that the man made towards the homeless man felt good to me, such as gave him money and gum and they checking on the other homeless man he saw. It was morally good because the main character was helping the homeless menThe man was being helpful. i think he was goingo to protect the other homeless manBecause he walked to homeless and gave him moneyhelp a homeless person be seen in a positive lightHe helped another human being which is an act of good faith.",1111112,112111,2222,3213,,3322,111111,11,222,21,111,,1123,22,221,223,223,1222221,2223,32,22,233123,22212,1221211111,22,212,221,12222,,11,3322,,13,3312,,212,22212,2222,2211,2212,22222,22,2222222,2232,33,223,222,22211,22333,2222,2333,232222,111,211,1,33,133,2,32113,333,13211,333,33,223323,22122,3333333333333333333333333,"She shot someone in the head, so I think she is pretty evil.she was a criminal for things such as robbery and murdershe was a bad personEventhough she attacked a man that did horrible things, she wasn't better than him.She tried to kill himBecause she had the intention to kill someonea lady shoots someone  with a gun, grim and horrible thus evilShe shot a man in the head. I consider the story evilshe shot a person and robbed a personEvil because gun violenceIt is a violent story, even if it has a good ending I think it is morally evil, because she decided to frame him, and also shot him trying to kill an inocent man, as I think that's really wrong, and malicious. The woman killed a man and framed a man for other crime.The passage had acts of violence, therefore rendering it evil.she is committing acts of violence.Framing someone for something they did not do and shooting someone with a gun is evil and unkindshe tried to murder himguns and crimes are never goodIt's evil to me because it describes an armed robbery and that someone was shot in the head and went into coma.it was morally evil because the robber tried to kill her assailant who framed herThe lady was a robber, framed someone, and tried to murder a man.i don´t think she was in the right to shoot at himBecause Lady Pember was jailed for armed robberyshe, in addition to committing robbery, almost killed a personLady Pember committed a crime causing harm to another human being which is an act of evil.",3,3,3232,,3322,,2,2,323,3,32,2211,3313,33333,22,8888888888888388888888888,,77777,,9999,WorkworkWorkeffort,97791,RelationshipsRelationship,7777777,,2227777277,,1777,,775,,7,,77,,8,,88,,3833,,35,,8888,,883883,,88888,,3,,8113878588531888853381883,,"It is pretty horrific that the brother died after drinking an energy drink.mentions a brotherthey are familyI consider the death of the brother as an accidentHis brother died The dead brother is terrifyingthe brother dies He imagined that there was a spider in the bathroom. he drank a drink and died thats pretty horrifying to meAt first glance I would say Family but Horror fits better because it could be related to assassination, maybe even some monster that can shapeshift since they thought it was a spider at firstthe way things are described I categorized it asan accident/disaster because it's taking about his brother's death wich was an accident do to the drink.although it has some aspects of an accident or horror, the mention of being brother and brother/sister, seemed more important than the other stuffThe passage made reference to a dead brother, and those are horrifc elements for family membersit feels like the protagonist is horrified. Seeing a dead body can really be scarysounds like something from a horror booksuddenly the spider desapearedI believe it fits in accident because is described as the narrator found his brothers dead because of the energy drink but sounds like the brother was already death for a while and no one noticed. because their brother died after drinking an energy drinkIt sounds like a bizarre idea for a horror movie where a person can see things that determines people's fate.this person is talking about their brotherbecause there are spider and mortal energy drinkthere is death and arachnophobiaThe brother died so I consider this as a disaster",138,,777777,,5,,93638,random,7777777,,1555,,1111,,777,,9,Disjointed,77,,999,SportssportsSports,55,,888888,,3763,,8,,55,,59,conviction,88,,68,,6,,88888,,111111,,11111,,1,,9951,FriendsFriendship,77,,383933,Narrative,75,,111,,111,,3663,,131611,,222,,222222,,222222,,222,,2722727,,222242,,262226,,222,,2272,,2122222222211222222212222,,"Guitar is related to music.it mentions a grandfatherit was music storyBecause the story is talking about music playsIt talks about playing his grandpa's guitarThe guitar and musician are musicalthe olay has a solo and the grandfather is a musicianI was between family and music but i prefer music because of the solo by a musician and the guitar he was holdingthe whole phrase is about music from a solo to a guitar to playing itI chose music because the main point was about someone wanting to play the guitarThe whole sentence is about musicEven though it's taking a music, he mentions how music is important because of his grandpa's guitar, wich I feel is more family involved rather than music.It was more about the story of their grandfather than the guitar'sThe passage talks about a musician doing a solo, plus there is elements of musical instrumentsit is related to musical performances and features a musical instrument.the passage is based on college musical playits about musicIt talked about music and familyBecause it mentions music and musical instruments.because the story is talking about a college play and playing their grandfather's guitarIt seemed to be about music, but i picked family because it was more about the sentimantal value the guitar held.they are talking about a solo by a musician because it is a solo played with a guitarIt's about a musical solo in a schoolA musician performed which makes this about music.",2222,,85,,2222,,333,,483,,333,,95,frustration,75,,11,,33433,,33333,,3389,Weather,33333,,55535,,95559,Good actions,4444,,4777,,4,,555,,1951,Fantasy,867757,,5535,,55,,8558,,558585,,77559,Creepy,65888,,335,,363,,6636,,666,,6966,Bullying,66,,6666,,,,665666,,666,,666,,1171,,1911,humor,343,,7771,,1111,,151,,522,,222222,,22222,,222,,2222,,23722,,222,,333,,5777,,5335533,,3333,,3333333,,5558,,333,,55539,Sports,3,,999,SportsFriendshipCompetition,3333333,,444,,15486,,4444,,666,,3333,,44,,1119,cooking,8333586,,47775,,111111,,39333,Bullying,7355977,Trip,995559,DisjointedPoliticsPolitics,955,Theatre,91,Food,945,Travel,2222222,,8638,,85,,,,9668868,Abuse,668,,6,,66,,3,,8,,886566,,13133,,866,,459,Literature,115,,3,,15555,,1116113,,1,,3859,Death,119,Adventure/Traveling,6111,,2222,,1111,,4222225,,22,,7,,233523,,2262222,,628222,,7227222,,222,,68383,,333,,838,,95959,GuidanceDirectionsMovies,9599535,EmotionsSportsSports,131138,,3,,7531,,555555,,58577,,4,,44444,,4456,,454444,,4,,544,,8145484,,44444,,638,,44,,666,,688,,36963,War,5,,81,,66,,656,,66,,11111,,3951,Having fun,55935,Work,35598,Animals,7759,daily routine,93335535,Disjointed,5,,6865,,3,,559599,Triptraveltrip,95855,police,588855,
